<?xml version="1.0" encoding="utf-8"?>
<DataSchemaModel FileFormatVersion="1.2" SchemaVersion="2.4" DspName="Microsoft.Data.Tools.Schema.Sql.Sql110DatabaseSchemaProvider" CollationLcid="1033" CollationCaseSensitive="False" xmlns="http://schemas.microsoft.com/sqlserver/dac/Serialization/2012/02">
	<Header>
		<CustomData Category="AnsiNulls">
			<Metadata Name="AnsiNulls" Value="False" />
		</CustomData>
		<CustomData Category="QuotedIdentifier">
			<Metadata Name="QuotedIdentifier" Value="False" />
		</CustomData>
		<CustomData Category="CompatibilityMode">
			<Metadata Name="CompatibilityMode" Value="110" />
		</CustomData>
		<CustomData Category="Reference" Type="Assembly">
			<Metadata Name="LogicalName" Value="DACPAC_POC2.dll" />
			<Metadata Name="FileName" Value="C:\USERS\TEJA\DOCUMENTS\VISUAL STUDIO 2015\PROJECTS\DACPAC-POC2\DACPAC-POC2\OBJ\DEBUG\DACPAC_POC2.DLL" />
			<Metadata Name="AssemblyName" Value="DACPAC_POC2" />
			<Metadata Name="PermissionSet" Value="SAFE" />
			<Metadata Name="Owner" Value="" />
			<Metadata Name="GenerateSqlClrDdl" Value="True" />
			<Metadata Name="IsVisible" Value="True" />
			<Metadata Name="IsModelAware" Value="True" />
			<Metadata Name="SkipCreationIfEmpty" Value="True" />
			<Metadata Name="AssemblySymbolsName" Value="C:\Users\Teja\Documents\Visual Studio 2015\Projects\DACPAC-POC2\DACPAC-POC2\obj\Debug\DACPAC_POC2.pdb" />
		</CustomData>
		<CustomData Category="SqlCmdVariables" Type="SqlCmdVariable" />
	</Header>
	<Model>
		<Element Type="SqlDatabaseOptions">
			<Property Name="Collation" Value="SQL_Latin1_General_CP1_CI_AS" />
			<Property Name="IsAnsiPaddingOn" Value="False" />
			<Property Name="IsQuotedIdentifierOn" Value="False" />
			<Property Name="IsCursorDefaultScopeGlobal" Value="True" />
			<Property Name="IsTornPageProtectionOn" Value="False" />
			<Property Name="IsFullTextEnabled" Value="True" />
			<Property Name="ServiceBrokerOption" Value="1" />
			<Property Name="DefaultLanguage" Value="" />
			<Property Name="DefaultFullTextLanguage" Value="" />
			<Relationship Name="DefaultFilegroup">
				<Entry>
					<References ExternalSource="BuiltIns" Name="[PRIMARY]" />
				</Entry>
			</Relationship>
		</Element>
		<Element Type="SqlPrimaryKeyConstraint">
			<Relationship Name="ColumnSpecifications">
				<Entry>
					<Element Type="SqlIndexedColumnSpecification">
						<Relationship Name="Column">
							<Entry>
								<References Name="[dbo].[tblGender].[ID]" />
							</Entry>
						</Relationship>
					</Element>
				</Entry>
			</Relationship>
			<Relationship Name="DefiningTable">
				<Entry>
					<References Name="[dbo].[tblGender]" />
				</Entry>
			</Relationship>
			<Annotation Type="SqlInlineConstraintAnnotation" Disambiguator="3" />
		</Element>
		<Element Type="SqlPrimaryKeyConstraint">
			<Relationship Name="ColumnSpecifications">
				<Entry>
					<Element Type="SqlIndexedColumnSpecification">
						<Relationship Name="Column">
							<Entry>
								<References Name="[dbo].[tblPerson].[PersonId]" />
							</Entry>
						</Relationship>
					</Element>
				</Entry>
			</Relationship>
			<Relationship Name="DefiningTable">
				<Entry>
					<References Name="[dbo].[tblPerson]" />
				</Entry>
			</Relationship>
			<Annotation Type="SqlInlineConstraintAnnotation" Disambiguator="4" />
		</Element>
		<Element Type="SqlTable" Name="[dbo].[tblGender]">
			<Property Name="IsAnsiNullsOn" Value="True" />
			<Relationship Name="Columns">
				<Entry>
					<Element Type="SqlSimpleColumn" Name="[dbo].[tblGender].[ID]">
						<Property Name="IsNullable" Value="False" />
						<Relationship Name="TypeSpecifier">
							<Entry>
								<Element Type="SqlTypeSpecifier">
									<Relationship Name="Type">
										<Entry>
											<References ExternalSource="BuiltIns" Name="[int]" />
										</Entry>
									</Relationship>
								</Element>
							</Entry>
						</Relationship>
					</Element>
				</Entry>
				<Entry>
					<Element Type="SqlSimpleColumn" Name="[dbo].[tblGender].[Gender]">
						<Relationship Name="TypeSpecifier">
							<Entry>
								<Element Type="SqlTypeSpecifier">
									<Property Name="Length" Value="50" />
									<Relationship Name="Type">
										<Entry>
											<References ExternalSource="BuiltIns" Name="[nvarchar]" />
										</Entry>
									</Relationship>
								</Element>
							</Entry>
						</Relationship>
					</Element>
				</Entry>
			</Relationship>
			<Relationship Name="Schema">
				<Entry>
					<References ExternalSource="BuiltIns" Name="[dbo]" />
				</Entry>
			</Relationship>
			<AttachedAnnotation Disambiguator="3" />
		</Element>
		<Element Type="SqlTable" Name="[dbo].[tblPerson]">
			<Property Name="IsQuotedIdentifierOn" Value="False" />
			<Relationship Name="Columns">
				<Entry>
					<Element Type="SqlSimpleColumn" Name="[dbo].[tblPerson].[PersonId]">
						<Property Name="IsNullable" Value="False" />
						<Property Name="IsIdentity" Value="True" />
						<Relationship Name="TypeSpecifier">
							<Entry>
								<Element Type="SqlTypeSpecifier">
									<Relationship Name="Type">
										<Entry>
											<References ExternalSource="BuiltIns" Name="[int]" />
										</Entry>
									</Relationship>
								</Element>
							</Entry>
						</Relationship>
						<AttachedAnnotation Disambiguator="4" />
					</Element>
				</Entry>
				<Entry>
					<Element Type="SqlSimpleColumn" Name="[dbo].[tblPerson].[Name]">
						<Relationship Name="TypeSpecifier">
							<Entry>
								<Element Type="SqlTypeSpecifier">
									<Property Name="Length" Value="20" />
									<Relationship Name="Type">
										<Entry>
											<References ExternalSource="BuiltIns" Name="[nvarchar]" />
										</Entry>
									</Relationship>
								</Element>
							</Entry>
						</Relationship>
					</Element>
				</Entry>
			</Relationship>
			<Relationship Name="Schema">
				<Entry>
					<References ExternalSource="BuiltIns" Name="[dbo]" />
				</Entry>
			</Relationship>
		</Element>
	</Model>
</DataSchemaModel>