﻿<?xml version="1.0" encoding="utf-8"?>
<DacOrigin xmlns="http://schemas.microsoft.com/sqlserver/dac/Serialization/2012/02">
  <PackageProperties>
    <Version>3.0.0.0</Version>
    <ContainsExportedData>false</ContainsExportedData>
    <StreamVersions>
      <Version StreamName="Data">2.0.0.0</Version>
      <Version StreamName="DeploymentContributors">1.0.0.0</Version>
    </StreamVersions>
  </PackageProperties>
  <Operation>
    <Identity>f0a39365-b59c-484f-a224-758e8b8e9e6f</Identity>
    <Start>2019-03-10T22:53:10.7502009+05:30</Start>
    <End>2019-03-10T22:53:10.9012032+05:30</End>
    <ProductName>Microsoft.Data.Tools.Schema.Tasks.Sql, Version=14.0.0.0, Culture=neutral, PublicKeyToken=b03f5f7f11d50a3a</ProductName>
    <ProductVersion>14.0.60519.0</ProductVersion>
    <ProductSchema>http://schemas.microsoft.com/sqlserver/dac/Serialization/2012/02</ProductSchema>
  </Operation>
  <Checksums>
    <Checksum Uri="/model.xml">1EE554A82DCE0A14F244EC45C31E68D5CCB41D4C6DC09B96BF863E2A33D3ECF2</Checksum>
  </Checksums>
  <ModelSchemaVersion>2.4</ModelSchemaVersion>
</DacOrigin>